{
  "task": "006_train_rvrt_videodenoising_davis"
  , "model": "vrt"
  , "gpu_ids": [0,1,2,3,4,5,6,7]
  , "dist": true
  , "find_unused_parameters": false
  , "use_static_graph": true

  ,"scale": 1
  , "n_channels": 3

  , "path": {
    "root": "experiments"
    , "pretrained_netG": null
    , "pretrained_netE": null
  }

  , "datasets": {
    "train": {
      "name": "train_dataset"
      , "dataset_type": "VideoRecurrentTrainNonblindDenoisingDataset"
      , "dataroot_gt": "trainsets/DAVIS/train_GT.lmdb"
      , "dataroot_lq": "trainsets/DAVIS/train_GT.lmdb"
      , "meta_info_file": "data/meta_info/meta_info_DAVIS_train_GT.txt"
      , "filename_tmpl": "05d"
      , "filename_ext": "jpg"
      , "test_mode": false
      , "io_backend": {"type": "lmdb"}
      , "num_frame": 16
      , "gt_size": 256
      , "interval_list": [1]
      , "random_reverse": false
      , "use_hflip": true
      , "use_rot": true

      , "sigma_min": 0
      , "sigma_max": 50

      , "dataloader_shuffle": true
      , "dataloader_num_workers": 32
      , "dataloader_batch_size": 8
    }
    , "test": {
      "name": "test_dataset"
      , "dataset_type": "VideoRecurrentTestDataset"
      , "dataroot_gt": "testsets/Set8"
      , "dataroot_lq": "testsets/Set8"
      , "cache_data": true
      , "io_backend": {"type": "disk"}
      , "num_frame": -1

      , "sigma": 30
    }
  }

  , "netG": {
    "net_type": "rvrt"
    , "upscale": 1
    , "clip_size": 2
    , "img_size": [2, 64, 64]
    , "window_size": [2, 8, 8]
    , "num_blocks": [1, 2, 1]
    , "depths": [2, 2, 2]
    , "embed_dims": [192, 192, 192]
    , "num_heads": [6, 6, 6]
    , "inputconv_groups": [1, 3, 4, 6, 8, 4]
    , "spynet_path": "model_zoo/rvrt/spynet_sintel_final-3d2a1287.pth" // automatical download
    , "deformable_groups": 12
    , "attention_heads": 12
    , "nonblind_denoising": true
    , "attention_window": [3, 3]
    , "use_checkpoint_attn": false
    , "use_checkpoint_ffn": false
    , "no_checkpoint_attn_blocks": []
    , "no_checkpoint_ffn_blocks": []
    , "cpu_cache_length": 100

    , "init_type": "default"
  }


  , "train": {
    "G_lossfn_type": "charbonnier"
    , "G_lossfn_weight": 1.0
    , "G_charbonnier_eps": 1e-9

    , "E_decay": 0                      // Exponential Moving Average for netG: set 0 to disable; default setting 0.999

    , "G_optimizer_type": "adam"        // fixed, adam is enough
    , "G_optimizer_lr": 4e-4            // learning rate
    , "G_optimizer_betas": [0.9,0.99]
    , "G_optimizer_wd": 0               // weight decay, default 0
    , "G_optimizer_clipgrad": null      // unused
    , "G_optimizer_reuse": true         //

    , "fix_iter": 30000
    , "fix_lr_mul": 0.25
    , "fix_keys": ["spynet"]

    , "total_iter": 600000
    , "G_scheduler_type": "CosineAnnealingWarmRestarts"
    , "G_scheduler_periods": 600000
    , "G_scheduler_eta_min": 1e-7

    , "G_regularizer_orthstep": null    // unused
    , "G_regularizer_clipstep": null    // unused

    , "G_param_strict": true
    , "E_param_strict": true

    , "checkpoint_test": 5000           // for testing
    , "checkpoint_save": 5000           // for saving model
    , "checkpoint_print": 200           // for print
  }

  , "val": {
    "save_img": false
    , "pad_seq": false
    , "flip_seq": false
    , "center_frame_only": false
    , "num_frame_testing": 0
    , "num_frame_overlapping": 2
    , "size_patch_testing": 256
  }

}
